[{"name": "noodle", "serving": "124", "calories": "195.92", "carbohydrates": "38.27", "proteins": "7.19", "fats": "1.15", "iron": "1.5872", "vitaminD": "0", "vitaminB12": "0", "calcium": "8.68", "magnesium": "22.32", "tags": ["Low Proteins", "High Carbohydrates", "Low Fats"]}, {"name": "beef", "serving": "85", "calories": "247.35", "carbohydrates": "0", "proteins": "22.46", "fats": "16.75", "iron": "2.278", "vitaminD": "11.05", "vitaminB12": "2.0995", "calcium": "7.65", "magnesium": "19.55", "tags": ["High Proteins", "Low Carbohydrates", "High Fats"]}, {"name": "chicken", "serving": "85", "calories": "187", "carbohydrates": "0.04", "proteins": "20.37", "fats": "11.11", "iron": "1.3685", "vitaminD": "Not Found", "vitaminB12": "0.663", "calcium": "11.05", "magnesium": "17", "tags": ["High Proteins", "Low Carbohydrates", "High Fats"]}, {"name": "pork", "serving": "85", "calories": "202.3", "carbohydrates": "0", "proteins": "22.41", "fats": "11.81", "iron": "0.9435", "vitaminD": "32.3", "vitaminB12": "0.595", "calcium": "17", "magnesium": "20.4", "tags": ["High Proteins", "Low Carbohydrates", "High Fats"]}, {"name": "lamb", "serving": "85", "calories": "249.9", "carbohydrates": "0", "proteins": "20.84", "fats": "17.8", "iron": "1.598", "vitaminD": "1.7", "vitaminB12": "2.1675", "calcium": "14.45", "magnesium": "19.55", "tags": ["High Proteins", "Low Carbohydrates", "High Fats"]}, {"name": "apple", "serving": "182", "calories": "94.64", "carbohydrates": "25.13", "proteins": "0.47", "fats": "0.31", "iron": "0.2184", "vitaminD": "0", "vitaminB12": "0", "calcium": "10.92", "magnesium": "9.1", "tags": ["Low Proteins", "High Carbohydrates", "Low Fats"]}, {"name": "orange", "serving": "140", "calories": "68.6", "carbohydrates": "17.56", "proteins": "1.27", "fats": "0.21", "iron": "0.182", "vitaminD": "0", "vitaminB12": "0", "calcium": "60.2", "magnesium": "15.4", "tags": ["Low Proteins", "High Carbohydrates", "Low Fats"]}, {"name": "peach", "serving": "175", "calories": "68.25", "carbohydrates": "16.7", "proteins": "1.59", "fats": "0.44", "iron": "0.4375", "vitaminD": "0", "vitaminB12": "0", "calcium": "10.5", "magnesium": "15.75", "tags": ["Low Proteins", "High Carbohydrates", "Low Fats"]}, {"name": "grape", "serving": "49", "calories": "33.81", "carbohydrates": "8.87", "proteins": "0.35", "fats": "0.08", "iron": "0.1764", "vitaminD": "0", "vitaminB12": "0", "calcium": "4.9", "magnesium": "3.43", "tags": ["Low Proteins", "High Carbohydrates", "Low Fats"]}, {"name": "pineapple", "serving": "82.5", "calories": "41.25", "carbohydrates": "10.82", "proteins": "0.45", "fats": "0.1", "iron": "0.2393", "vitaminD": "0", "vitaminB12": "0", "calcium": "10.725", "magnesium": "9.9", "tags": ["Low Proteins", "High Carbohydrates", "Low Fats"]}, {"name": "cabbage", "serving": "75", "calories": "17.25", "carbohydrates": "4.13", "proteins": "0.95", "fats": "0.05", "iron": "0.1275", "vitaminD": "0", "vitaminB12": "0", "calcium": "36", "magnesium": "11.25", "tags": ["Low Proteins", "High Carbohydrates", "Low Fats"]}, {"name": "carrot", "serving": "46", "calories": "16.1", "carbohydrates": "3.78", "proteins": "0.35", "fats": "0.08", "iron": "0.1564", "vitaminD": "0", "vitaminB12": "0", "calcium": "13.8", "magnesium": "4.6", "tags": ["Low Proteins", "High Carbohydrates", "Low Fats"]}, {"name": "corn", "serving": "103", "calories": "98.88", "carbohydrates": "21.61", "proteins": "3.51", "fats": "1.55", "iron": "0.4635", "vitaminD": "0", "vitaminB12": "0", "calcium": "3.09", "magnesium": "26.78", "tags": ["Low Proteins", "High Carbohydrates", "Low Fats"]}, {"name": "milk", "serving": "245", "calories": "124.95", "carbohydrates": "12.18", "proteins": "8.53", "fats": "4.7", "iron": "0.1225", "vitaminD": "98", "vitaminB12": "0.931", "calcium": "313.6", "magnesium": "34.3", "tags": ["Low Proteins", "Low Carbohydrates", "Low Fats"]}, {"name": "egg", "serving": "50", "calories": "71.5", "carbohydrates": "0.36", "proteins": "6.28", "fats": "4.76", "iron": "0.875", "vitaminD": "41", "vitaminB12": "0.445", "calcium": "28", "magnesium": "6", "tags": ["Low Carbohydrates", "High Fats"]}, {"name": "rice", "serving": "158", "calories": "205.4", "carbohydrates": "44.51", "proteins": "4.25", "fats": "0.44", "iron": "0.316", "vitaminD": "0", "vitaminB12": "0", "calcium": "15.8", "magnesium": "18.96", "tags": ["Low Proteins", "High Carbohydrates", "Low Fats"]}, {"name": "idli", "serving": "38.5", "calories": "58.01", "carbohydrates": "11.62", "proteins": "1.65", "fats": "0.44", "iron": "0.5932", "vitaminD": "0", "vitaminB12": "0", "calcium": "10.1453", "magnesium": "4.9591", "tags": ["Low Proteins", "High Carbohydrates", "Low Fats"]}, {"name": "pizza", "serving": "107", "calories": "284.62", "carbohydrates": "35.66", "proteins": "12.19", "fats": "10.37", "iron": "2.6536", "vitaminD": "0", "vitaminB12": "0.4494", "calcium": "201.16", "magnesium": "25.68", "tags": ["Low Proteins", "High Carbohydrates"]}, {"name": "burger", "serving": "226", "calories": "540.14", "carbohydrates": "40.27", "proteins": "34.28", "fats": "26.56", "iron": "5.8534", "vitaminD": "0", "vitaminB12": "4.068", "calcium": "101.7", "magnesium": "49.72", "tags": ["High Fats"]}, {"name": "egg omlette", "serving": "178.38", "calories": "323.47", "carbohydrates": "1.39", "proteins": "21.13", "fats": "25.32", "iron": "2.9704", "vitaminD": "137.76", "vitaminB12": "1.4952", "calcium": "95.5362", "magnesium": "20.6592", "tags": ["Low Carbohydrates", "High Fats"]}, {"name": "sambar", "serving": "506", "calories": "259.8", "carbohydrates": "52.83", "proteins": "14.12", "fats": "1.34", "iron": "6.2089", "vitaminD": "0", "vitaminB12": "0", "calcium": "106.7448", "magnesium": "94.4963", "tags": ["Low Proteins", "High Carbohydrates", "Low Fats"]}, {"name": "chapati", "serving": "40", "calories": "119.6", "carbohydrates": "18.45", "proteins": "3.14", "fats": "3.68", "iron": "0.88", "vitaminD": "0", "vitaminB12": "0", "calcium": "14.4", "magnesium": "22.4", "tags": ["Low Proteins", "High Carbohydrates"]}, {"name": "dosa", "serving": "96.78", "calories": "167.67", "carbohydrates": "29.2", "proteins": "3.88", "fats": "3.72", "iron": "0.8425", "vitaminD": "0", "vitaminB12": "0", "calcium": "5.7388", "magnesium": "11.6401", "tags": ["Low Proteins", "High Carbohydrates", "Low Fats"]}, {"name": "lassi", "serving": "243.74", "calories": "130.06", "carbohydrates": "21.54", "proteins": "6.89", "fats": "2.06", "iron": "0.209", "vitaminD": "1.296", "vitaminB12": "0.7258", "calcium": "242.6693", "magnesium": "24.8398", "tags": ["Low Proteins", "High Carbohydrates", "Low Fats"]}]